{
  "hp": {
    "1": {
      "run": 29.53904282115869,
      "surge": 32.0
    },
    "2": {
      "run": 29.36082474226804,
      "surge": 32.0
    },
    "3": {
      "run": 29.428198433420366,
      "surge": 32.0
    },
    "4": {
      "run": 29.425692695214106,
      "surge": 32.0
    },
    "5": {
      "run": 29.125964010282775,
      "surge": 32.0
    },
    "6": {
      "run": 29.53904282115869,
      "surge": 32.0
    }
  },
  "other_current": 392.9291762478373
}